Timestamp,User Count,Type,Name,Requests/s,Failures/s,50%,66%,75%,80%,90%,95%,98%,99%,99.9%,99.99%,100%,Total Request Count,Total Failure Count,Total Median Response Time,Total Average Response Time,Total Min Response Time,Total Max Response Time,Total Average Content Size
1764521114,0,,Aggregated,0.000000,0.000000,N/A,N/A,N/A,N/A,N/A,N/A,N/A,N/A,N/A,N/A,N/A,0,0,0,0.0,0,0,0
1764521115,10,,Aggregated,0.000000,0.000000,1,1,10,10,17,17,17,17,17,17,17,10,0,1,4.1,0,17,0.0
1764521116,20,,Aggregated,0.000000,0.000000,1,2,10,10,17,28,32,32,32,32,32,25,0,1,5.52,0,32,0.0
1764521117,30,,Aggregated,10.000000,0.000000,1,7,10,10,20,28,32,32,32,32,32,47,0,1,6.170212765957447,0,32,0.0
1764521118,40,,Aggregated,12.500000,0.000000,2,7,10,10,20,26,30,32,32,32,32,67,0,2,5.955223880597015,0,32,0.0
1764521119,50,,Aggregated,15.000000,0.000000,2,7,10,10,20,28,32,39,39,39,39,94,0,2,6.414893617021277,0,39,0.0
1764521120,60,,Aggregated,16.000000,0.000000,2,7,10,10,20,26,30,32,39,39,39,131,0,2,6.229007633587786,0,39,0.0
1764521121,70,,Aggregated,18.400000,0.000000,2,7,10,10,20,26,30,39,44,44,44,167,0,2,6.580838323353293,0,44,0.0
1764521122,80,,Aggregated,21.333333,0.000000,2,9,10,12,19,25,30,32,44,44,44,212,0,2,6.518867924528302,0,44,0.0
1764521123,90,,Aggregated,23.285714,0.000000,2,9,10,12,18,23,30,39,44,44,44,264,0,2,6.3977272727272725,0,44,0.0
1764521124,100,,Aggregated,26.125000,0.000000,2,9,10,12,18,23,29,32,44,44,44,315,0,2,6.301587301587301,0,44,0.0
1764521125,100,,Aggregated,28.333333,0.000000,2,7,10,12,18,24,29,32,44,44,44,364,0,2,6.18956043956044,0,44,0.0
1764521126,100,,Aggregated,31.000000,0.000000,2,9,10,12,18,24,29,30,44,44,44,423,0,2,6.191489361702128,0,44,0.0
1764521127,100,,Aggregated,34.400000,0.000000,2,6,10,12,18,24,28,30,44,44,44,462,0,2,6.108225108225108,0,44,0.0
1764521128,100,,Aggregated,38.300000,0.000000,2,6,10,12,18,23,28,30,44,44,44,521,0,2,6.1036468330134355,0,44,0.0
1764521129,100,,Aggregated,41.100000,0.000000,2,7,11,13,18,23,28,30,44,44,44,571,0,2,6.1523642732049035,0,44,0.0
1764521130,100,,Aggregated,44.700000,0.000000,2,6,11,13,18,23,28,30,44,44,44,622,0,2,6.152733118971061,0,44,0.0
1764521131,100,,Aggregated,46.900000,0.000000,2,5,11,13,18,23,28,30,44,44,44,672,0,2,6.148809523809524,0,44,0.0
1764521132,100,,Aggregated,48.300000,0.000000,2,9,11,13,18,23,28,30,44,44,44,728,0,2,6.273351648351649,0,44,0.0
1764521133,100,,Aggregated,49.100000,0.000000,2,7,11,13,18,23,28,30,44,44,44,774,0,2,6.248062015503876,0,44,0.0
1764521134,100,,Aggregated,50.000000,0.000000,2,7,11,13,18,23,28,30,44,44,44,828,0,2,6.208937198067633,0,44,0.0
1764521135,100,,Aggregated,50.900000,0.000000,2,7,11,13,18,23,28,30,44,44,44,878,0,2,6.24373576309795,0,44,0.0
1764521136,100,,Aggregated,50.000000,0.000000,2,7,12,13,18,23,27,30,44,44,44,934,0,2,6.23982869379015,0,44,0.0
1764521137,100,,Aggregated,50.400000,0.000000,2,6,11,13,18,23,28,30,44,44,44,978,0,2,6.217791411042945,0,44,0.0
1764521138,100,,Aggregated,50.300000,0.000000,2,6,12,13,18,23,28,30,44,44,44,1028,0,2,6.216926070038911,0,44,0.0
1764521139,100,,Aggregated,50.500000,0.000000,2,5,12,13,18,23,28,30,44,44,44,1081,0,2,6.185013876040703,0,44,0.0
1764521140,100,,Aggregated,50.600000,0.000000,2,5,12,13,18,23,27,30,44,44,44,1135,0,2,6.172687224669604,0,44,0.0
1764521141,100,,Aggregated,50.200000,0.000000,2,6,12,13,18,23,27,30,44,44,44,1187,0,2,6.174389216512216,0,44,0.0
1764521142,100,,Aggregated,50.500000,0.000000,2,6,12,13,18,23,27,30,44,44,44,1236,0,2,6.199838187702265,0,44,0.0
1764521143,100,,Aggregated,51.600000,0.000000,2,5,12,13,18,23,27,30,44,44,44,1286,0,2,6.2006220839813375,0,44,0.0
1764521144,100,,Aggregated,50.900000,0.000000,2,5,12,13,18,23,27,30,44,44,44,1339,0,2,6.187453323375654,0,44,0.0
1764521145,100,,Aggregated,50.500000,0.000000,2,5,12,13,18,23,27,30,44,44,44,1383,0,2,6.164859002169197,0,44,0.0
1764521146,100,,Aggregated,50.700000,0.000000,2,5,12,13,18,23,27,30,44,44,44,1434,0,2,6.170153417015341,0,44,0.0
1764521147,100,,Aggregated,50.700000,0.000000,2,5,12,13,18,23,27,30,44,44,44,1483,0,2,6.194875252865812,0,44,0.0
1764521148,100,,Aggregated,50.500000,0.000000,2,5,12,14,18,23,27,30,44,44,44,1529,0,2,6.212557226945716,0,44,0.0
1764521149,100,,Aggregated,50.900000,0.000000,2,5,12,14,18,23,27,30,44,44,44,1589,0,2,6.196979232221523,0,44,0.0
1764521150,100,,Aggregated,49.400000,0.000000,2,6,12,14,18,23,27,30,44,44,44,1635,0,2,6.230581039755352,0,44,0.0
1764521151,100,,Aggregated,50.500000,0.000000,2,5,12,14,18,23,27,30,44,44,44,1695,0,2,6.194100294985251,0,44,0.0
1764521152,100,,Aggregated,49.900000,0.000000,2,5,12,14,18,23,27,30,44,44,44,1746,0,2,6.203321878579611,0,44,0.0
1764521153,100,,Aggregated,49.900000,0.000000,2,6,12,14,18,23,27,30,44,44,44,1795,0,2,6.233426183844011,0,44,0.0
1764521154,100,,Aggregated,50.300000,0.000000,2,7,12,14,18,23,27,30,44,44,44,1846,0,2,6.2302275189599134,0,44,0.0
1764521155,100,,Aggregated,50.300000,0.000000,2,9,12,13,18,23,27,30,44,45,45,1893,0,2,6.258320126782884,0,45,0.0
1764521156,100,,Aggregated,51.000000,0.000000,2,9,12,13,18,22,26,30,44,45,45,1941,0,2,6.207624935600206,0,45,0.0
1764521157,100,,Aggregated,50.100000,0.000000,2,9,12,13,18,23,26,30,44,45,45,1998,0,2,6.2107107107107105,0,45,0.0
1764521158,100,,Aggregated,50.500000,0.000000,2,9,12,13,18,23,26,30,44,45,45,2039,0,2,6.206964198136341,0,45,0.0
1764521159,100,,Aggregated,50.000000,0.000000,2,7,12,13,18,23,26,30,44,45,45,2095,0,2,6.193794749403342,0,45,0.0
1764521160,100,,Aggregated,51.200000,0.000000,2,7,12,13,18,22,26,30,44,45,45,2146,0,2,6.1826654240447345,0,45,0.0
1764521161,100,,Aggregated,49.800000,0.000000,2,9,12,13,18,23,27,30,44,45,45,2193,0,2,6.205654354765162,0,45,0.0
1764521162,100,,Aggregated,51.200000,0.000000,2,9,12,13,18,23,27,30,44,45,45,2240,0,2,6.215625,0,45,0.0
1764521163,100,,Aggregated,50.500000,0.000000,2,9,12,13,18,23,27,30,44,45,45,2285,0,2,6.2336980306345735,0,45,0.0
1764521164,100,,Aggregated,49.300000,0.000000,2,9,12,13,18,23,27,30,44,45,45,2338,0,2,6.2198460222412315,0,45,0.0
1764521165,100,,Aggregated,49.600000,0.000000,2,9,12,13,18,23,27,30,44,45,45,2381,0,2,6.22637547249055,0,45,0.0
1764521166,100,,Aggregated,48.800000,0.000000,2,9,12,13,18,23,27,30,44,45,45,2431,0,2,6.238996297819828,0,45,0.0
1764521167,100,,Aggregated,50.100000,0.000000,2,9,12,13,18,23,27,30,44,45,45,2482,0,2,6.251813053988719,0,45,0.0
1764521168,100,,Aggregated,48.300000,0.000000,2,9,12,13,18,23,27,30,44,45,45,2537,0,2,6.2467481277098935,0,45,0.0
1764521169,100,,Aggregated,48.700000,0.000000,2,9,12,13,18,23,27,30,44,45,45,2588,0,2,6.261591962905719,0,45,0.0
1764521170,100,,Aggregated,48.600000,0.000000,2,9,12,13,18,23,27,30,44,45,45,2633,0,2,6.285985567793391,0,45,0.0
1764521171,100,,Aggregated,49.000000,0.000000,2,9,12,13,18,23,27,30,44,45,45,2678,0,2,6.285660941000747,0,45,0.0
1764521172,100,,Aggregated,47.800000,0.000000,2,10,12,13,18,22,27,30,44,45,45,2734,0,2,6.285662033650329,0,45,0.0
1764521173,100,,Aggregated,48.000000,0.000000,2,10,12,13,18,22,27,30,44,45,45,2787,0,2,6.27951202009329,0,45,0.0
1764521174,100,,Aggregated,49.000000,0.000000,2,10,12,13,18,22,27,30,44,45,45,2832,0,2,6.287782485875706,0,45,0.0
1764521175,100,,Aggregated,48.300000,0.000000,2,10,12,13,18,22,27,30,44,45,45,2884,0,2,6.273578363384189,0,45,0.0
1764521176,100,,Aggregated,48.900000,0.000000,2,10,12,13,18,22,27,30,44,45,45,2929,0,2,6.277910549675657,0,45,0.0
1764521177,100,,Aggregated,48.600000,0.000000,2,10,12,13,18,22,27,30,44,45,45,2977,0,2,6.288545515619751,0,45,0.0
1764521178,100,,Aggregated,49.700000,0.000000,2,10,12,13,18,22,27,30,42,45,45,3025,0,2,6.308099173553719,0,45,0.0
1764521179,100,,Aggregated,49.500000,0.000000,2,10,12,13,18,22,27,30,42,45,45,3080,0,2,6.293506493506493,0,45,0.0
1764521180,100,,Aggregated,48.000000,0.000000,2,10,12,13,18,22,27,30,44,45,45,3124,0,2,6.310179257362356,0,45,0.0
1764521181,100,,Aggregated,48.600000,0.000000,2,10,12,13,18,22,27,30,44,45,45,3180,0,2,6.304716981132075,0,45,0.0
1764521182,100,,Aggregated,48.900000,0.000000,2,10,12,13,18,22,27,30,44,45,45,3219,0,2,6.3174899036968,0,45,0.0
1764521183,100,,Aggregated,49.000000,0.000000,2,10,12,13,18,22,27,30,44,45,45,3275,0,2,6.313282442748092,0,45,0.0
1764521184,100,,Aggregated,49.500000,0.000000,2,10,12,13,18,22,27,30,44,45,45,3321,0,2,6.305630834086118,0,45,0.0
1764521185,100,,Aggregated,48.300000,0.000000,2,10,12,13,18,22,27,30,44,45,45,3374,0,2,6.3040901007705985,0,45,0.0
1764521186,100,,Aggregated,48.500000,0.000000,2,10,12,13,18,22,27,30,44,45,45,3417,0,2,6.318993268949371,0,45,0.0
1764521187,100,,Aggregated,48.300000,0.000000,2,10,12,13,18,22,27,30,44,45,45,3468,0,2,6.335640138408304,0,45,0.0
1764521188,100,,Aggregated,48.400000,0.000000,2,10,12,13,18,22,27,30,44,46,46,3513,0,2,6.3518360375747225,0,46,0.0
1764521189,100,,Aggregated,47.800000,0.000000,2,10,12,13,18,22,27,30,44,46,46,3568,0,2,6.349495515695067,0,46,0.0
1764521190,100,,Aggregated,49.200000,0.000000,2,10,12,13,18,22,27,30,44,46,46,3613,0,2,6.357044007749792,0,46,0.0
1764521191,100,,Aggregated,48.600000,0.000000,2,10,12,13,18,22,27,30,44,46,46,3671,0,2,6.368836829201852,0,46,0.0
1764521192,100,,Aggregated,48.700000,0.000000,2,10,12,14,18,22,27,30,44,46,46,3719,0,2,6.372680828179618,0,46,0.0
1764521193,100,,Aggregated,48.500000,0.000000,2,10,12,14,18,22,27,30,45,50,50,3766,0,2,6.38688263409453,0,50,0.0
1764521194,100,,Aggregated,47.900000,0.000000,2,10,12,13,18,22,27,30,45,50,50,3817,0,2,6.3743777835996855,0,50,0.0
1764521195,100,,Aggregated,49.500000,0.000000,2,10,12,14,18,22,27,30,45,50,50,3868,0,2,6.37306101344364,0,50,0.0
1764521196,100,,Aggregated,48.700000,0.000000,2,10,12,14,18,22,27,30,45,50,50,3915,0,2,6.368837803320562,0,50,0.0
1764521197,100,,Aggregated,49.100000,0.000000,2,10,12,13,18,22,27,30,45,50,50,3967,0,2,6.359969750441139,0,50,0.0
1764521198,100,,Aggregated,48.600000,0.000000,2,10,12,14,18,22,27,30,44,50,50,4017,0,2,6.366940502862833,0,50,0.0
1764521199,100,,Aggregated,49.400000,0.000000,2,10,12,13,18,22,27,30,44,50,50,4065,0,2,6.361131611316114,0,50,0.0
1764521200,100,,Aggregated,49.400000,0.000000,2,10,12,13,18,22,27,30,44,50,50,4118,0,2,6.365954346770277,0,50,0.0
1764521201,100,,Aggregated,50.100000,0.000000,2,10,12,14,18,22,27,30,44,50,50,4167,0,2,6.376049916006719,0,50,0.0
1764521202,100,,Aggregated,49.800000,0.000000,2,10,12,13,18,22,27,30,44,50,50,4216,0,2,6.375,0,50,0.0
1764521203,100,,Aggregated,49.700000,0.000000,2,10,12,14,18,22,27,30,44,50,50,4263,0,2,6.377199155524279,0,50,0.0
1764521204,100,,Aggregated,49.300000,0.000000,2,10,12,14,18,22,27,30,44,50,50,4315,0,2,6.383314020857474,0,50,0.0
1764521205,100,,Aggregated,49.700000,0.000000,2,10,12,14,18,22,27,30,44,50,50,4368,0,2,6.388049450549451,0,50,0.0
1764521206,100,,Aggregated,49.700000,0.000000,2,10,12,14,18,22,27,30,44,50,50,4406,0,2,6.395596913300046,0,50,0.0
1764521207,100,,Aggregated,49.900000,0.000000,2,10,12,14,18,22,27,30,44,50,50,4464,0,2,6.39247311827957,0,50,0.0
1764521208,100,,Aggregated,50.400000,0.000000,2,10,12,14,18,22,27,30,44,50,50,4512,0,2,6.392508865248227,0,50,0.0
1764521209,100,,Aggregated,48.800000,0.000000,2,10,12,14,18,22,27,30,44,50,50,4562,0,2,6.394344585708023,0,50,0.0
1764521210,100,,Aggregated,49.700000,0.000000,2,10,12,14,18,22,27,30,44,50,50,4610,0,2,6.402169197396963,0,50,0.0
1764521211,100,,Aggregated,49.100000,0.000000,2,10,12,14,18,22,27,30,44,50,50,4669,0,2,6.390233454701221,0,50,0.0
1764521212,100,,Aggregated,49.000000,0.000000,2,10,12,14,18,22,27,30,44,50,50,4718,0,2,6.3986858838490885,0,50,0.0
1764521213,100,,Aggregated,49.500000,0.000000,2,10,12,14,18,22,27,30,44,50,50,4768,0,2,6.404781879194631,0,50,0.0
1764521214,100,,Aggregated,50.200000,0.000000,2,10,12,14,18,22,27,30,44,50,50,4819,0,2,6.397385349657605,0,50,0.0
1764521215,100,,Aggregated,50.000000,0.000000,2,10,12,14,18,22,27,30,44,50,50,4866,0,2,6.395396629675298,0,50,0.0
1764521216,100,,Aggregated,49.700000,0.000000,2,10,12,14,18,22,27,30,44,50,50,4907,0,2,6.394538414509884,0,50,0.0
1764521217,100,,Aggregated,49.600000,0.000000,2,10,12,14,18,22,27,30,44,50,50,4965,0,2,6.386102719033232,0,50,0.0
1764521218,100,,Aggregated,50.000000,0.000000,2,10,12,14,18,22,27,30,44,50,50,5011,0,2,6.394931151466773,0,50,0.0
1764521219,100,,Aggregated,49.800000,0.000000,2,10,12,14,18,22,27,30,44,50,50,5066,0,2,6.395578365574417,0,50,0.0
1764521220,100,,Aggregated,49.600000,0.000000,2,10,12,14,18,22,27,30,44,63,63,5114,0,2,6.399100508408291,0,63,0.0
1764521221,100,,Aggregated,49.200000,0.000000,2,10,12,14,18,22,27,30,44,63,63,5168,0,2,6.392608359133127,0,63,0.0
1764521222,100,,Aggregated,50.100000,0.000000,2,10,12,14,18,22,27,30,44,63,63,5218,0,2,6.397087006515907,0,63,0.0
1764521223,100,,Aggregated,49.600000,0.000000,2,10,12,14,18,22,27,30,44,63,63,5267,0,2,6.401367002088476,0,63,0.0
1764521224,100,,Aggregated,49.700000,0.000000,2,10,12,14,18,22,27,30,44,63,63,5321,0,2,6.416463070851344,0,63,0.0
1764521225,100,,Aggregated,49.300000,0.000000,2,10,12,14,18,22,27,30,44,63,63,5370,0,2,6.423463687150838,0,63,0.0
1764521226,100,,Aggregated,49.800000,0.000000,2,10,12,14,18,22,27,30,44,63,63,5426,0,2,6.423884998157022,0,63,0.0
1764521227,100,,Aggregated,50.000000,0.000000,2,10,12,14,18,22,27,30,44,63,63,5467,0,2,6.434058898847631,0,63,0.0
1764521228,100,,Aggregated,49.600000,0.000000,2,10,12,14,18,22,27,30,44,63,63,5523,0,2,6.430382038747058,0,63,0.0
1764521230,100,,Aggregated,49.900000,0.000000,2,10,12,14,18,22,27,30,44,63,63,5567,0,2,6.440632297467218,0,63,0.0
1764521231,100,,Aggregated,51.100000,0.000000,2,10,13,14,18,22,27,30,44,63,63,5617,0,2,6.451842620615987,0,63,0.0
1764521232,100,,Aggregated,49.600000,0.000000,2,10,13,14,18,22,27,30,44,63,63,5672,0,2,6.453631875881523,0,63,0.0
1764521233,100,,Aggregated,49.600000,0.000000,2,10,13,14,18,22,26,30,44,63,63,5710,0,2,6.4542907180385285,0,63,0.0
1764521234,100,,Aggregated,49.900000,0.000000,2,10,13,14,18,22,27,30,44,63,63,5763,0,2,6.4541037653999656,0,63,0.0
1764521235,100,,Aggregated,49.100000,0.000000,2,10,13,14,18,22,27,29,44,63,63,5816,0,2,6.462689133425035,0,63,0.0
1764521236,100,,Aggregated,49.500000,0.000000,2,10,13,14,18,22,27,29,44,63,63,5867,0,2,6.454235554798023,0,63,0.0
1764521237,100,,Aggregated,49.000000,0.000000,2,10,13,14,18,22,27,29,44,63,63,5913,0,2,6.454591577879249,0,63,0.0
1764521238,100,,Aggregated,49.300000,0.000000,2,10,13,14,18,22,27,30,44,63,63,5962,0,2,6.452029520295203,0,63,0.0
1764521239,100,,Aggregated,48.500000,0.000000,2,10,13,14,18,22,27,29,44,63,63,6016,0,2,6.456449468085107,0,63,0.0
1764521240,100,,Aggregated,49.400000,0.000000,2,10,13,14,18,22,27,30,44,63,63,6064,0,2,6.463720316622691,0,63,0.0
1764521241,100,,Aggregated,49.400000,0.000000,2,10,13,14,18,22,27,30,44,63,63,6114,0,2,6.466306836768073,0,63,0.0
1764521242,100,,Aggregated,49.500000,0.000000,2,10,13,14,18,22,27,30,44,63,63,6159,0,2,6.4754018509498295,0,63,0.0
1764521243,100,,Aggregated,49.800000,0.000000,2,10,13,14,18,22,27,30,44,63,63,6209,0,2,6.4833306490578195,0,63,0.0
1764521244,100,,Aggregated,48.900000,0.000000,2,10,13,14,18,22,27,30,44,63,63,6263,0,2,6.4820373622864444,0,63,0.0
1764521245,100,,Aggregated,49.300000,0.000000,2,10,13,14,18,22,27,30,44,63,63,6316,0,2,6.482900569981001,0,63,0.0
1764521246,100,,Aggregated,49.700000,0.000000,2,10,13,14,18,22,27,30,44,63,63,6367,0,2,6.477933092508246,0,63,0.0
1764521247,100,,Aggregated,49.800000,0.000000,2,10,13,14,18,22,27,30,44,63,63,6416,0,2,6.477400249376559,0,63,0.0
1764521248,100,,Aggregated,49.400000,0.000000,2,10,13,14,18,22,27,30,44,63,63,6466,0,2,6.48468914321064,0,63,0.0
1764521249,100,,Aggregated,49.500000,0.000000,2,10,13,14,18,22,27,30,44,63,63,6517,0,2,6.485499462943072,0,63,0.0
1764521250,100,,Aggregated,49.600000,0.000000,2,10,13,14,18,22,27,30,44,63,63,6563,0,2,6.4945908883132715,0,63,0.0
1764521251,100,,Aggregated,49.700000,0.000000,2,10,13,14,18,22,27,30,44,63,63,6612,0,2,6.487598306110103,0,63,0.0
1764521252,100,,Aggregated,50.000000,0.000000,2,10,13,14,18,22,27,30,44,63,63,6661,0,2,6.484611920132112,0,63,0.0
1764521253,100,,Aggregated,49.400000,0.000000,2,10,13,14,18,22,27,30,44,63,63,6725,0,2,6.482081784386617,0,63,0.0
1764521254,100,,Aggregated,49.900000,0.000000,2,10,13,14,18,22,27,30,44,63,63,6770,0,2,6.4853766617429836,0,63,0.0
1764521255,100,,Aggregated,51.100000,0.000000,2,10,13,14,18,22,27,30,44,63,63,6807,0,2,6.495666225943881,0,63,0.0
1764521256,100,,Aggregated,50.600000,0.000000,2,11,13,14,18,22,27,30,44,63,63,6872,0,2,6.492287543655413,0,63,0.0
1764521257,100,,Aggregated,49.000000,0.000000,2,10,13,14,18,22,27,30,44,63,63,6922,0,2,6.490754117307136,0,63,0.0
1764521258,100,,Aggregated,50.000000,0.000000,2,11,13,14,18,22,27,30,44,63,63,6973,0,2,6.493474831492901,0,63,0.0
1764521259,100,,Aggregated,50.500000,0.000000,2,10,13,14,18,22,27,30,44,63,63,7025,0,2,6.486832740213523,0,63,0.0
1764521260,100,,Aggregated,50.000000,0.000000,2,10,13,14,18,22,27,30,44,63,63,7067,0,2,6.489458044431866,0,63,0.0
1764521261,100,,Aggregated,49.300000,0.000000,2,10,13,14,18,22,27,30,44,63,63,7122,0,2,6.49297950014041,0,63,0.0
1764521262,100,,Aggregated,49.600000,0.000000,2,11,13,14,18,22,27,30,44,63,63,7180,0,2,6.503760445682452,0,63,0.0
1764521263,100,,Aggregated,50.400000,0.000000,2,11,13,14,18,22,27,30,44,63,63,7225,0,2,6.508927335640139,0,63,0.0
1764521264,100,,Aggregated,50.700000,0.000000,2,11,13,14,18,22,27,30,44,63,63,7273,0,2,6.505293551491819,0,63,0.0
1764521265,100,,Aggregated,49.600000,0.000000,2,11,13,14,18,22,27,30,44,63,63,7326,0,2,6.502866502866503,0,63,0.0
1764521266,100,,Aggregated,49.800000,0.000000,2,11,13,14,18,22,27,30,44,63,63,7376,0,2,6.505829718004338,0,63,0.0
1764521267,100,,Aggregated,51.500000,0.000000,2,11,13,14,18,22,27,30,44,63,63,7432,0,2,6.506189451022605,0,63,0.0
1764521268,100,,Aggregated,50.300000,0.000000,2,11,13,14,18,22,27,30,44,63,63,7479,0,2,6.509827517047734,0,63,0.0
1764521269,100,,Aggregated,50.300000,0.000000,2,11,13,14,18,22,27,30,44,63,63,7522,0,2,6.510768412656208,0,63,0.0
1764521270,100,,Aggregated,50.700000,0.000000,2,11,13,14,18,22,27,30,44,63,63,7572,0,2,6.5175647120972,0,63,0.0
1764521271,100,,Aggregated,50.100000,0.000000,2,11,13,14,18,22,27,30,44,63,63,7623,0,2,6.517512790240063,0,63,0.0
1764521272,100,,Aggregated,49.800000,0.000000,2,11,13,14,18,22,27,30,44,63,63,7669,0,2,6.520276437605946,0,63,0.0
1764521273,100,,Aggregated,49.800000,0.000000,2,11,13,14,18,22,27,30,44,63,63,7719,0,2,6.5235134084726,0,63,0.0
1764521274,100,,Aggregated,49.300000,0.000000,2,11,13,14,18,22,27,30,44,63,63,7768,0,2,6.5299948506694125,0,63,0.0
1764521275,100,,Aggregated,49.300000,0.000000,2,11,13,14,18,22,27,30,44,63,63,7815,0,2,6.530774152271273,0,63,0.0
1764521276,100,,Aggregated,48.100000,0.000000,2,11,13,14,18,22,27,30,44,63,63,7870,0,2,6.536086404066074,0,63,0.0
1764521277,100,,Aggregated,48.600000,0.000000,2,11,13,14,18,22,27,30,44,63,63,7917,0,2,6.536945812807882,0,63,0.0
1764521278,100,,Aggregated,48.600000,0.000000,2,11,13,14,18,22,27,30,44,63,63,7961,0,2,6.536992840095466,0,63,0.0
1764521279,100,,Aggregated,48.600000,0.000000,2,11,13,14,18,22,27,30,43,63,63,8017,0,2,6.534738680304353,0,63,0.0
1764521280,100,,Aggregated,48.100000,0.000000,2,11,13,14,18,22,27,30,43,63,63,8068,0,2,6.540654437283094,0,63,0.0
1764521281,100,,Aggregated,49.600000,0.000000,2,11,13,14,18,22,27,30,44,63,63,8115,0,2,6.549845964263709,0,63,0.0
1764521282,100,,Aggregated,49.500000,0.000000,2,11,13,14,18,22,27,30,44,63,63,8168,0,2,6.552277179236043,0,63,0.0
1764521283,100,,Aggregated,48.900000,0.000000,2,11,13,14,18,22,27,30,44,63,63,8219,0,2,6.555177028835625,0,63,0.0
1764521284,100,,Aggregated,49.500000,0.000000,2,11,13,14,18,22,27,30,44,63,63,8265,0,2,6.557652752571083,0,63,0.0
1764521285,100,,Aggregated,49.900000,0.000000,2,11,13,14,18,22,27,30,44,63,63,8317,0,2,6.5605386557653,0,63,0.0
1764521286,100,,Aggregated,50.500000,0.000000,2,11,13,14,18,22,27,30,44,63,63,8366,0,2,6.570762610566579,0,63,0.0
1764521287,100,,Aggregated,49.700000,0.000000,2,11,13,14,18,22,27,30,44,63,63,8410,0,2,6.576099881093936,0,63,0.0
1764521288,100,,Aggregated,50.400000,0.000000,2,11,13,14,18,22,27,30,44,63,63,8463,0,2,6.575682382133995,0,63,0.0
1764521289,100,,Aggregated,48.800000,0.000000,2,11,13,14,18,22,27,30,44,63,63,8517,0,2,6.577081131853939,0,63,0.0
1764521290,100,,Aggregated,49.500000,0.000000,2,11,13,14,18,22,27,30,44,63,63,8564,0,2,6.584423166744512,0,63,0.0
1764521291,100,,Aggregated,48.900000,0.000000,2,11,13,14,18,22,27,30,44,63,63,8610,0,2,6.577932636469222,0,63,0.0
1764521292,100,,Aggregated,49.000000,0.000000,2,11,13,14,18,22,27,30,44,63,63,8654,0,2,6.589900623988907,0,63,0.0
1764521293,100,,Aggregated,48.800000,0.000000,2,11,13,14,18,22,27,30,44,63,63,8703,0,2,6.589796621854533,0,63,0.0
1764521294,100,,Aggregated,48.200000,0.000000,2,11,13,14,18,22,27,30,44,63,63,8756,0,2,6.58348560986752,0,63,0.0
1764521295,100,,Aggregated,48.000000,0.000000,2,11,13,14,18,22,27,30,44,63,63,8804,0,2,6.58246251703771,0,63,0.0
1764521296,100,,Aggregated,47.900000,0.000000,2,11,13,14,18,22,27,30,44,63,63,8853,0,2,6.5900824579238675,0,63,0.0
1764521297,100,,Aggregated,48.300000,0.000000,2,11,13,14,18,22,27,30,44,63,63,8900,0,2,6.587415730337079,0,63,0.0
1764521298,100,,Aggregated,47.400000,0.000000,2,11,13,14,18,22,27,30,44,63,63,8956,0,2,6.581844573470299,0,63,0.0
1764521299,100,,Aggregated,49.000000,0.000000,2,11,13,14,18,22,27,30,44,63,63,9007,0,2,6.58199178416787,0,63,0.0
1764521300,100,,Aggregated,48.000000,0.000000,2,11,13,14,18,22,27,30,44,63,63,9049,0,2,6.588241794673444,0,63,0.0
1764521301,100,,Aggregated,48.200000,0.000000,2,11,13,14,18,22,27,30,44,63,63,9105,0,2,6.586271279516749,0,63,0.0
1764521302,100,,Aggregated,48.200000,0.000000,2,11,13,14,18,22,27,30,44,63,63,9150,0,2,6.589508196721312,0,63,0.0
1764521303,100,,Aggregated,48.300000,0.000000,2,11,13,14,18,22,27,30,44,63,63,9199,0,2,6.5919121643656915,0,63,0.0
1764521304,100,,Aggregated,48.700000,0.000000,2,11,13,14,18,22,27,30,44,63,63,9248,0,2,6.593966262975779,0,63,0.0
1764521305,100,,Aggregated,48.500000,0.000000,2,11,13,14,18,22,27,30,44,63,63,9298,0,2,6.600881910088191,0,63,0.0
1764521306,100,,Aggregated,48.400000,0.000000,2,11,13,14,18,22,27,30,44,63,63,9346,0,2,6.600149796704472,0,63,0.0
1764521307,100,,Aggregated,48.500000,0.000000,2,11,13,14,18,22,27,30,44,63,63,9393,0,2,6.599169594378793,0,63,0.0
1764521308,100,,Aggregated,48.700000,0.000000,2,11,13,14,18,22,27,30,44,63,63,9450,0,2,6.598624338624338,0,63,0.0
1764521309,100,,Aggregated,48.100000,0.000000,2,11,13,14,18,22,27,30,44,63,63,9493,0,2,6.600337090487728,0,63,0.0
1764521310,100,,Aggregated,49.100000,0.000000,2,11,13,14,18,22,27,30,44,63,63,9548,0,2,6.604210305823209,0,63,0.0
1764521311,100,,Aggregated,48.600000,0.000000,2,11,13,14,18,22,27,30,44,63,63,9595,0,2,6.600104220948411,0,63,0.0
1764521312,100,,Aggregated,48.400000,0.000000,2,11,13,14,18,22,27,30,44,63,63,9656,0,2,6.5946561723280865,0,63,0.0
1764521313,100,,Aggregated,49.400000,0.000000,2,11,13,14,18,22,27,30,44,63,63,9704,0,2,6.595115416323166,0,63,0.0
1764521314,100,,Aggregated,48.800000,0.000000,2,11,13,14,18,22,27,30,44,63,63,9754,0,2,6.597190896042649,0,63,0.0
1764521315,100,,Aggregated,49.900000,0.000000,2,11,13,14,18,22,27,30,44,63,63,9801,0,2,6.59800020406081,0,63,0.0
1764521316,100,,Aggregated,49.700000,0.000000,2,11,13,14,18,22,27,30,44,63,63,9856,0,2,6.598112824675325,0,63,0.0
1764521317,100,,Aggregated,50.000000,0.000000,2,11,13,14,18,22,27,30,44,63,63,9905,0,2,6.590711761736497,0,63,0.0
1764521318,100,,Aggregated,49.900000,0.000000,2,11,13,14,18,22,27,30,44,63,63,9962,0,2,6.592451314996989,0,63,0.0
1764521319,100,,Aggregated,50.900000,0.000000,2,11,13,14,18,22,27,30,44,50,63,10010,0,2,6.590409590409591,0,63,0.0
1764521320,100,,Aggregated,50.100000,0.000000,2,11,13,14,18,22,27,30,44,50,63,10058,0,2,6.590375820242593,0,63,0.0
1764521321,100,,Aggregated,51.200000,0.000000,2,11,13,14,18,22,27,30,44,50,63,10110,0,2,6.5908011869436205,0,63,0.0
1764521322,100,,Aggregated,51.800000,0.000000,2,11,13,14,18,22,27,30,44,50,63,10162,0,2,6.5931903168667585,0,63,0.0
1764521323,100,,Aggregated,50.500000,0.000000,2,11,13,14,18,22,27,30,44,50,63,10203,0,2,6.6053121630892875,0,63,0.0
1764521324,100,,Aggregated,51.300000,0.000000,2,11,13,14,18,22,27,30,44,50,63,10258,0,2,6.60430883213102,0,63,0.0
1764521325,100,,Aggregated,50.100000,0.000000,2,11,13,14,18,22,27,30,44,50,63,10312,0,2,6.609290147401087,0,63,0.0
1764521326,100,,Aggregated,50.300000,0.000000,2,11,13,14,18,22,27,31,44,50,63,10362,0,2,6.602779386218876,0,63,0.0
1764521327,100,,Aggregated,49.500000,0.000000,2,11,13,14,18,22,27,31,44,50,63,10404,0,2,6.60678585159554,0,63,0.0
1764521328,100,,Aggregated,50.900000,0.000000,2,11,13,14,18,22,27,31,44,50,63,10463,0,2,6.615406671126828,0,63,0.0
1764521329,100,,Aggregated,50.000000,0.000000,2,11,13,14,18,22,27,31,44,50,63,10513,0,2,6.618947969181014,0,63,0.0
1764521330,100,,Aggregated,49.800000,0.000000,2,11,13,14,18,22,27,31,44,50,63,10559,0,2,6.620797423998485,0,63,0.0
1764521331,100,,Aggregated,49.400000,0.000000,2,11,13,14,18,22,27,30,44,50,63,10608,0,2,6.626036953242836,0,63,0.0
1764521332,100,,Aggregated,49.200000,0.000000,2,11,13,14,18,22,27,31,44,50,63,10660,0,2,6.631707317073171,0,63,0.0
1764521334,100,,Aggregated,49.100000,0.000000,2,11,13,14,18,22,27,30,44,50,63,10714,0,2,6.637670337875677,0,63,0.0
1764521335,100,,Aggregated,49.100000,0.000000,2,11,13,14,18,22,27,30,44,50,63,10772,0,2,6.640828072781285,0,63,0.0
1764521336,100,,Aggregated,49.700000,0.000000,2,11,13,14,18,22,27,30,44,50,63,10819,0,2,6.643867270542564,0,63,0.0
1764521337,100,,Aggregated,51.100000,0.000000,2,11,13,14,18,22,27,30,44,63,65,10867,0,2,6.64764884512745,0,65,0.0
1764521338,100,,Aggregated,49.900000,0.000000,2,11,13,14,18,22,27,30,44,63,65,10926,0,2,6.645707486728903,0,65,0.0
1764521339,100,,Aggregated,49.800000,0.000000,2,11,13,14,18,22,27,30,44,63,65,10964,0,2,6.655235315578256,0,65,0.0
1764521340,100,,Aggregated,51.500000,0.000000,2,11,13,14,18,22,27,30,44,63,65,11016,0,2,6.65622730573711,0,65,0.0
1764521341,100,,Aggregated,49.500000,0.000000,2,11,13,14,18,22,27,31,44,63,65,11068,0,2,6.660823997108782,0,65,0.0
1764521342,100,,Aggregated,49.700000,0.000000,2,11,13,14,18,23,27,31,44,63,65,11119,0,2,6.663189135713643,0,65,0.0
1764521343,100,,Aggregated,50.200000,0.000000,2,11,13,14,18,23,27,31,44,63,65,11169,0,2,6.667741069030352,0,65,0.0
1764521344,100,,Aggregated,49.700000,0.000000,2,11,13,14,18,23,27,30,44,63,65,11225,0,2,6.6648552338530065,0,65,0.0
1764521345,100,,Aggregated,50.200000,0.000000,2,11,13,14,18,23,27,31,44,63,65,11265,0,2,6.664802485574789,0,65,0.0
1764521346,100,,Aggregated,50.800000,0.000000,2,11,13,14,18,23,27,31,44,63,65,11320,0,2,6.669876325088339,0,65,0.0
1764521347,100,,Aggregated,49.100000,0.000000,2,11,13,14,18,23,27,31,44,63,65,11368,0,2,6.6710063335679095,0,65,0.0
1764521348,100,,Aggregated,49.700000,0.000000,2,11,13,14,18,23,27,30,44,63,65,11421,0,2,6.66894317485334,0,65,0.0
1764521349,100,,Aggregated,49.600000,0.000000,2,11,13,14,18,23,27,30,44,63,65,11472,0,2,6.6698047419804745,0,65,0.0
1764521350,100,,Aggregated,49.100000,0.000000,2,11,13,14,18,23,27,30,44,63,65,11516,0,2,6.6707189996526575,0,65,0.0
1764521351,100,,Aggregated,50.500000,0.000000,2,11,13,14,18,23,27,30,44,63,65,11567,0,2,6.671046943892107,0,65,0.0
1764521352,100,,Aggregated,49.600000,0.000000,2,11,13,14,18,23,27,30,44,63,65,11616,0,2,6.669507575757576,0,65,0.0
1764521353,100,,Aggregated,49.900000,0.000000,2,11,13,14,18,23,27,30,44,63,65,11668,0,2,6.672351731230717,0,65,0.0
1764521354,100,,Aggregated,50.100000,0.000000,2,11,13,14,18,23,27,31,44,63,65,11721,0,2,6.675027728009556,0,65,0.0
1764521355,100,,Aggregated,49.800000,0.000000,2,11,13,14,18,23,27,31,44,63,65,11764,0,2,6.6822509350561035,0,65,0.0
1764521356,100,,Aggregated,48.600000,0.000000,2,11,13,14,18,23,27,31,44,63,65,11815,0,2,6.68819297503174,0,65,0.0
1764521357,100,,Aggregated,49.500000,0.000000,2,11,13,14,18,23,27,31,44,63,65,11870,0,2,6.687278854254423,0,65,0.0
1764521358,100,,Aggregated,48.900000,0.000000,2,11,13,14,18,23,27,31,44,63,65,11915,0,2,6.687452790600084,0,65,0.0
1764521359,100,,Aggregated,49.700000,0.000000,2,11,13,14,18,23,27,31,44,63,65,11971,0,2,6.6945117366970175,0,65,0.0
1764521360,100,,Aggregated,49.200000,0.000000,2,11,13,14,18,23,27,31,44,63,65,12018,0,2,6.699117989682144,0,65,0.0
1764521361,100,,Aggregated,49.500000,0.000000,2,11,13,14,18,23,27,31,44,63,65,12066,0,2,6.704873197414222,0,65,0.0
1764521362,100,,Aggregated,49.600000,0.000000,2,11,13,14,18,23,27,31,44,63,65,12124,0,2,6.708017156054107,0,65,0.0
1764521363,100,,Aggregated,49.700000,0.000000,2,11,13,14,18,23,27,31,44,63,65,12166,0,2,6.715025480848266,0,65,0.0
1764521364,100,,Aggregated,48.900000,0.000000,2,11,13,14,18,23,27,31,44,63,65,12213,0,2,6.712519446491443,0,65,0.0
1764521365,100,,Aggregated,48.700000,0.000000,2,11,13,15,18,23,27,31,44,63,65,12263,0,2,6.714262415395907,0,65,0.0
1764521366,100,,Aggregated,49.000000,0.000000,2,11,13,15,18,23,27,31,44,63,65,12314,0,2,6.717719668669806,0,65,0.0
1764521367,100,,Aggregated,49.600000,0.000000,2,11,13,15,18,23,27,31,44,63,65,12365,0,2,6.718398706025071,0,65,0.0
1764521368,100,,Aggregated,49.900000,0.000000,2,11,13,15,18,23,27,31,44,63,65,12412,0,2,6.728810828230745,0,65,0.0
1764521369,100,,Aggregated,49.600000,0.000000,2,11,13,15,18,23,27,31,44,63,65,12459,0,2,6.7362549161248895,0,65,0.0
1764521370,100,,Aggregated,48.800000,0.000000,2,11,13,15,18,23,27,31,44,63,65,12511,0,2,6.738949724242667,0,65,0.0
1764521371,100,,Aggregated,48.600000,0.000000,2,11,13,15,18,23,27,31,44,63,65,12564,0,2,6.741006049028972,0,65,0.0
1764521372,100,,Aggregated,49.000000,0.000000,2,11,13,15,18,23,27,31,44,63,65,12615,0,2,6.743638525564804,0,65,0.0
1764521373,100,,Aggregated,48.600000,0.000000,2,11,13,15,18,23,27,31,44,63,65,12659,0,2,6.745951496958686,0,65,0.0
1764521374,100,,Aggregated,49.600000,0.000000,2,11,13,15,18,23,27,31,44,63,65,12710,0,2,6.746026750590087,0,65,0.0
1764521375,100,,Aggregated,49.500000,0.000000,2,11,13,15,18,23,27,31,44,63,65,12765,0,2,6.741637289463377,0,65,0.0
1764521376,100,,Aggregated,49.900000,0.000000,2,11,13,15,18,23,27,31,44,63,65,12812,0,2,6.74742428972838,0,65,0.0
1764521377,100,,Aggregated,49.100000,0.000000,2,11,13,15,18,23,27,31,44,63,65,12859,0,2,6.747025429660161,0,65,0.0
1764521378,100,,Aggregated,48.600000,0.000000,2,11,13,15,18,23,27,31,44,63,65,12913,0,2,6.7503291256872915,0,65,0.0
1764521379,100,,Aggregated,48.700000,0.000000,2,11,13,15,18,23,27,31,44,63,65,12958,0,2,6.749729896588979,0,65,0.0
1764521380,100,,Aggregated,49.900000,0.000000,2,11,13,15,18,23,27,31,43,63,65,13011,0,2,6.74521558681116,0,65,0.0
1764521381,100,,Aggregated,49.500000,0.000000,2,11,13,15,18,23,27,31,43,63,65,13052,0,2,6.746399019307386,0,65,0.0
1764521382,100,,Aggregated,49.100000,0.000000,2,11,13,15,18,23,27,31,43,63,65,13105,0,2,6.751392598244944,0,65,0.0
1764521383,100,,Aggregated,49.200000,0.000000,2,11,13,15,18,23,27,31,43,63,65,13153,0,2,6.7504751767657565,0,65,0.0
1764521384,100,,Aggregated,48.600000,0.000000,2,11,13,15,18,23,27,31,43,63,65,13201,0,2,6.7544882963411865,0,65,0.0
1764521385,100,,Aggregated,48.900000,0.000000,2,11,13,15,18,23,27,31,43,63,65,13254,0,2,6.755922740304814,0,65,0.0
1764521386,100,,Aggregated,48.600000,0.000000,2,11,13,15,18,23,27,31,44,63,65,13298,0,2,6.7599639043465185,0,65,0.0
1764521387,100,,Aggregated,49.300000,0.000000,2,11,13,15,18,23,27,31,44,63,65,13353,0,2,6.761401932150078,0,65,0.0
1764521388,100,,Aggregated,49.300000,0.000000,2,11,13,15,18,23,27,31,44,63,65,13402,0,2,6.761155051484853,0,65,0.0
1764521389,100,,Aggregated,49.200000,0.000000,2,11,13,15,18,23,27,31,44,63,65,13448,0,2,6.764351576442594,0,65,0.0
1764521390,100,,Aggregated,48.900000,0.000000,2,11,13,15,18,23,27,31,44,63,65,13497,0,2,6.764243906053197,0,65,0.0
1764521391,100,,Aggregated,48.500000,0.000000,2,11,13,15,18,23,27,31,44,63,65,13554,0,2,6.765161575918548,0,65,0.0
1764521392,100,,Aggregated,49.300000,0.000000,2,11,13,15,18,23,28,31,44,63,65,13597,0,2,6.770684709862469,0,65,0.0
1764521393,100,,Aggregated,49.200000,0.000000,2,11,13,15,19,23,28,31,44,63,65,13650,0,2,6.767106227106227,0,65,0.0
1764521394,100,,Aggregated,49.100000,0.000000,2,11,13,15,19,23,28,31,44,63,65,13698,0,2,6.763031099430574,0,65,0.0
1764521395,100,,Aggregated,49.200000,0.000000,2,11,13,15,19,23,28,31,44,63,65,13746,0,2,6.765750036374218,0,65,0.0
1764521396,100,,Aggregated,49.400000,0.000000,2,11,14,15,19,23,28,31,44,63,65,13795,0,2,6.772453787604205,0,65,0.0
1764521397,100,,Aggregated,49.200000,0.000000,2,11,14,15,19,23,28,31,44,63,65,13845,0,2,6.775297941495125,0,65,0.0
1764521398,100,,Aggregated,48.700000,0.000000,2,11,14,15,19,23,28,31,44,63,65,13888,0,2,6.779377880184332,0,65,0.0
1764521399,100,,Aggregated,48.700000,0.000000,2,11,14,15,19,23,28,31,44,63,65,13945,0,2,6.785227680172104,0,65,0.0
1764521400,100,,Aggregated,48.200000,0.000000,2,11,14,15,19,23,28,31,44,63,65,13996,0,2,6.78551014575593,0,65,0.0
1764521401,100,,Aggregated,49.400000,0.000000,2,11,14,15,19,23,28,31,44,63,65,14041,0,2,6.7908980841820386,0,65,0.0
1764521402,100,,Aggregated,49.100000,0.000000,2,11,14,15,19,23,28,31,44,63,65,14099,0,2,6.792325696857933,0,65,0.0
1764521403,100,,Aggregated,48.900000,0.000000,2,11,14,15,19,23,28,31,44,63,65,14148,0,2,6.793327678823862,0,65,0.0
1764521404,100,,Aggregated,49.800000,0.000000,2,11,14,15,19,23,28,31,44,63,65,14183,0,2,6.7951773249665095,0,65,0.0
1764521405,100,,Aggregated,49.500000,0.000000,2,11,14,15,19,23,28,31,44,63,65,14239,0,2,6.799985954069808,0,65,0.0
1764521406,100,,Aggregated,47.900000,0.000000,2,11,14,15,19,23,28,31,44,63,65,14288,0,2,6.805011198208287,0,65,0.0
1764521407,100,,Aggregated,48.100000,0.000000,2,11,14,15,19,23,28,31,44,63,65,14345,0,2,6.808156151969327,0,65,0.0
1764521408,100,,Aggregated,49.400000,0.000000,2,11,14,15,19,23,28,31,44,63,65,14392,0,2,6.815730961645358,0,65,0.0
1764521409,100,,Aggregated,49.500000,0.000000,2,11,14,15,19,23,28,31,44,63,65,14430,0,2,6.815176715176715,0,65,0.0
1764521410,100,,Aggregated,49.700000,0.000000,2,11,14,15,19,23,28,31,44,63,65,14487,0,2,6.8209429143369915,0,65,0.0
1764521411,100,,Aggregated,48.800000,0.000000,2,11,14,15,19,23,28,31,44,63,65,14533,0,2,6.823711553017271,0,65,0.0
